{
  "hash": "8d94e9c1",
  "configHash": "a4c10b94",
  "lockfileHash": "c1d5fb90",
  "browserHash": "0f8fc5eb",
  "optimized": {
    "@angular/core": {
      "src": "../../../../../node_modules/@angular/core/fesm2022/core.mjs",
      "file": "@angular_core.js",
      "fileHash": "72c739df",
      "needsInterop": false
    },
    "@angular/platform-browser": {
      "src": "../../../../../node_modules/@angular/platform-browser/fesm2022/platform-browser.mjs",
      "file": "@angular_platform-browser.js",
      "fileHash": "e02adfe1",
      "needsInterop": false
    },
    "@angular/router": {
      "src": "../../../../../node_modules/@angular/router/fesm2022/router.mjs",
      "file": "@angular_router.js",
      "fileHash": "42a8db79",
      "needsInterop": false
    },
    "@angular/common": {
      "src": "../../../../../node_modules/@angular/common/fesm2022/common.mjs",
      "file": "@angular_common.js",
      "fileHash": "02573787",
      "needsInterop": false
    },
    "@angular/common/http": {
      "src": "../../../../../node_modules/@angular/common/fesm2022/http.mjs",
      "file": "@angular_common_http.js",
      "fileHash": "aa50bb39",
      "needsInterop": false
    },
    "@angular/forms": {
      "src": "../../../../../node_modules/@angular/forms/fesm2022/forms.mjs",
      "file": "@angular_forms.js",
      "fileHash": "6a918a90",
      "needsInterop": false
    }
  },
  "chunks": {
    "chunk-GF2FGNDZ": {
      "file": "chunk-GF2FGNDZ.js"
    },
    "chunk-A6BI6AKB": {
      "file": "chunk-A6BI6AKB.js"
    },
    "chunk-LKOJXNUV": {
      "file": "chunk-LKOJXNUV.js"
    },
    "chunk-BYZM5OVL": {
      "file": "chunk-BYZM5OVL.js"
    }
  }
}